{"fr": {"calibrate": [[0.9857357042323005, -0.07379493939607543, -0.15125947349274607, 0.08624662737163515], [0.07714901857854689, 0.9968843700670859, 0.01641894175624012, -0.033103051470564936], [0.1495765701376446, -0.027854257045510433, 0.9883577237166626, -0.03679706165481496], [0.0, 0.0, 0.0, 1.0]]}, "rl": {"calibrate": [[0.9781701942384387, -0.13281336049545053, 0.15982391053119607, -0.046562579328240046], [0.12499030809644288, 0.9904560068112513, 0.05808890990109808, 0.024353424598777526], [-0.1660135355491649, -0.036844400462584526, 0.985434927414846, -0.039856527388954704], [0.0, 0.0, 0.0, 1.0]]}}